sample,VOC #1,VOC #2,VOC #3,VOC #4,VOC #5,VOC #6,VOC #7,VOC #8,VOC #9,VOC #10,VOC #11,VOC #12,VOC #13,VOC #14,VOC #15,VOC #0
#97-03,1.683369644,2.01775766,2.8975,2.8975,2.8975,1.0913371,1.859756098,2.8975,0.826676177,2.8975,2.8975,1.484375,2.8975,2.8975,2.8975,1
#98-03,1.39325,1.39325,1.39325,1.39325,1.39325,1.39325,1.39325,1.39325,1.39325,1.39325,1.39325,1.39325,1.39325,1.39325,1.39325,1
#100-03,0.580661578,1.124691966,1.813990461,1.15310763,0.784731774,1.354302671,2.118848654,1.443390259,0.889321902,5.705,1.355912062,1.145582329,2.285428142,3.850826865,2.469964282,1
#101-03,3.611581703,0.68788501,0.977490621,3.813628232,0.688693098,5.338037787,5.8625,5.8625,2.011149228,5.472578763,5.8625,1.658415842,3.790817976,1.746090841,5.8625,1
#102-03,1.168237347,1.681064792,3.073461892,1.760652288,1.414623838,2.395848246,3.535812381,5.554264852,1.841034103,1.747780679,2.985727029,0.905818674,6.605486481,4.045201837,8.3675,1
#104-03,2.333670082,0.679983179,2.288747346,1.073705179,1.4,1.7875304,1.301932367,1.996296296,1.841266226,1.482126489,1.63086233,0.654921021,4.0425,2.004711133,1.69159954,1
#105-03,1.824265166,0.905759975,2.2780164,2.798081535,2.72108209,1.934350133,2.243846154,2.276238783,2.213201821,8.885166007,2.650613358,4.152313167,3.957937585,5.442164179,5.204281891,1
#109-03,0.904293381,0.828688525,1.033530975,1.089674499,1.04886399,1.48785872,1.236697248,1.704315577,1.021418468,3.578761062,1.738906089,1.255432758,1.415569868,1.83019551,2.158411614,1
#110-03,1.509263443,1.091979076,2.127388535,0.926919519,2.110806825,2.474074074,2.68488746,3.296052632,0.936448598,2.414457831,3.368067227,2.043646747,3.533145275,2.168831169,3.025362319,1
#111-03,1.044753086,1.277358491,3.223809524,1.612480648,1.10620915,1.347263682,2.488055862,2.266108787,1.084067254,2.537956888,2.975824176,1.305689489,4.681881051,3.124134749,2.115625,1
#112-03,1.226116179,0.342359249,11.60381645,1.037789516,2.053054662,2.119502075,3.345121153,10.67502612,0.475162791,2.347426471,7.210615471,1.400219298,4.070119522,8.226767595,3.321196359,1
#113-03,1.306425916,0.609212481,7.663551402,0.864371047,0.568917669,12.43554747,1.101163832,2.617021277,0.380451593,4.391288825,6.913996627,1.098214286,3.465765004,4.383464006,5.444887118,1
#114-03,1.597170514,1.20777027,2.286780384,1.4767642,1.237381021,5.198739699,1.857947163,1.95890411,1.692975533,4.399548764,1.154156578,0.903157895,2.908474576,1.096906162,7.742284786,1
#115-03,1.765924392,1.093883661,1.418862691,0.846854305,1.502643948,3.09156845,1.199015471,1.73213681,2.387955182,1.09341599,1.672388426,1.442470389,2.117574001,0.898945518,2.45088644,1
#116-03,1.62394958,1.102395893,1.837850689,1.838725024,1.836104513,1.199565487,0.78302269,2.493548387,1.191430333,0.999482803,2.471227621,1.69666374,1.292209963,2.426239799,3.680952381,1
#118-03,0.867647059,1.028440367,1.342997484,0.886867089,1.219671418,1.432404804,1.150805872,1.380032008,1.12629358,0.915849673,1.65363623,1.393585281,1.475971034,1.382926227,1.279680365,1
#121-03,1.432748538,1.15656963,3.675,1.600435493,1.393364929,3.675,1.364902507,1.476051812,0.604938272,1.252129472,2.536231884,0.897435897,3.675,3.675,3.675,1
#122-03,0.722775678,1.355233494,2.0546875,1.340981517,1.431779517,1.935602576,3.907149489,1.369791667,1.272067715,3.784172662,1.94095941,2.289445049,3.910780669,2.249064671,2.730694354,1